lat,lon
33.989747,-118.458418
34.0406107,-118.5255518
34.0407515,-118.5259314
34.0409691,-118.5260307
34.0409157,-118.52471
34.0411904,-118.5259336
34.0413623,-118.5245522
34.0416,-118.5246283
34.0417024,-118.5249969
34.2662321,-118.3149267
34.2655523,-118.3157881
34.2669194,-118.3149796
34.267112,-118.3179716
34.2662069,-118.3157943
34.2669353,-118.3167443
34.2667353,-118.314929
34.2657222,-118.3149409
34.1875603,-118.4552116
34.2428854,-118.4670112
34.2429382,-118.4673099
34.243178,-118.4670498
34.2429088,-118.466873
34.2428814,-118.466546
34.2434956,-118.4665786
34.2436277,-118.4666005
34.2428871,-118.4659871
34.2428864,-118.4654916
34.2428834,-118.4650802
34.2428783,-118.4646661
34.2428783,-118.4642042
34.2428768,-118.4638149
34.2428703,-118.4633079
34.2428659,-118.4627885
34.2428666,-118.4623058
34.2428629,-118.4618471
34.2428534,-118.4613561
34.1026968,-118.4605272
34.0567266,-118.2521372
34.0566664,-118.2521924
34.0566073,-118.2522462
34.0565496,-118.2523005
33.9862921,-118.4748442
33.9865393,-118.4748652
33.9864862,-118.4750813
33.986465,-118.4748441
34.2427178,-118.4717626
34.2429149,-118.4720421
34.2429181,-118.4726614
34.242722,-118.4723588
34.1214236,-118.2964259
34.2771391,-118.6048084
34.2772197,-118.6046951
34.2761723,-118.6010463
34.275964,-118.6004759
34.2773604,-118.6047591
34.2772472,-118.6050919
34.2701832,-118.6324803
34.2696163,-118.6331605
34.2361593,-118.5243891
34.2361586,-118.523699
34.236159,-118.5240441
34.2399194,-118.5277607
34.2399194,-118.5278824
34.272835,-118.4625236
34.2286762,-118.4581806
34.2286757,-118.4578307
34.228676,-118.4580057
34.2287572,-118.4578306
34.2285942,-118.4578309
34.2285945,-118.4580059
34.2285947,-118.4581808
34.2287578,-118.4581804
34.2287575,-118.4580055
34.2285747,-118.4583633
34.2286681,-118.4583628
34.2287785,-118.4583625
34.228666,-118.4576488
34.2285735,-118.4576493
34.2287773,-118.4576485
34.1104016,-118.3355743
34.1910302,-118.4534374
34.1910194,-118.4536361
34.0403529,-118.1934548
34.0404328,-118.1931989
34.0404295,-118.1930813
34.0406022,-118.193595
34.0405551,-118.1939197
34.0407829,-118.1939861
34.040714,-118.1942744
34.0409206,-118.1947468
34.0409656,-118.1944321
34.0410773,-118.1950954
34.0411608,-118.1948298
34.0413325,-118.1952364
34.0412812,-118.1955664
34.0415269,-118.1956537
34.0414492,-118.1959129
34.0416933,-118.1960633
34.041642,-118.1963713
34.0418744,-118.1964473
34.0418429,-118.1967995
34.0421086,-118.1969575
34.0420791,-118.197324
34.0423482,-118.1974974
34.0423053,-118.1978339
34.0425604,-118.1979695
34.042521,-118.1983289
34.0427794,-118.1984677
34.0427216,-118.1987762
34.0429816,-118.1988989
34.0429533,-118.1992965
34.043193,-118.1993863
34.0431819,-118.1998235
34.0434358,-118.1999267
34.0434247,-118.2003378
34.0435703,-118.2002251
34.0434539,-118.2005543
34.0435298,-118.2005752
34.0436914,-118.2004983
34.0436339,-118.2002549
34.0436544,-118.2008674
34.0439195,-118.2010163
34.0438818,-118.2013825
34.0441313,-118.2015134
34.0440579,-118.201793
34.044303,-118.2018862
34.044243,-118.2022144
34.0445022,-118.2023461
34.0443809,-118.2025132
34.0446777,-118.2027335
34.0446024,-118.2030093
34.0448532,-118.2031402
34.0448187,-118.2035038
34.045081,-118.2036676
34.0450521,-118.2040026
34.0451951,-118.2039254
34.0452648,-118.2041068
34.0451459,-118.2042195
34.0452368,-118.2044744
34.0455301,-118.204681
34.0454974,-118.2050571
34.0457464,-118.2051764
34.045779,-118.2053084
34.0456758,-118.2054578
34.0459722,-118.2056963
34.0459244,-118.2060148
34.0461578,-118.2061154
34.0461336,-118.2064954
34.0463591,-118.2065792
34.0462163,-118.2066684
34.0463413,-118.2069665
34.0465832,-118.2070859
34.0465691,-118.2074811
34.0467995,-118.2076106
34.0468945,-118.207626
34.0469434,-118.2079009
34.0468045,-118.2079975
34.0467317,-118.2079626
34.046644,-118.2077848
34.0466575,-118.2077188
34.0469223,-118.2082641
34.0471094,-118.2082591
34.0470727,-118.2086219
34.0472062,-118.2089181
34.0473704,-118.2088836
34.0473053,-118.2091428
34.0475399,-118.2092375
34.0474043,-118.209356
34.0476968,-118.209579
34.0475114,-118.2095999
34.0477857,-118.2097779
34.0476473,-118.209904
34.0477949,-118.2101995
34.0479652,-118.2101743
34.0480044,-118.2102928
34.0478864,-118.2104078
34.0480123,-118.2107083
34.0481793,-118.2106669
34.0481049,-118.2104832
34.0481643,-118.2110763
34.0483521,-118.211073
34.048348,-118.2114323
34.0484863,-118.2113425
34.048544,-118.2113707
34.0485832,-118.2115521
34.0484257,-118.2116365
34.0483756,-118.2116314
34.0485226,-118.2118518
34.0487294,-118.2118942
34.0486788,-118.2122117
34.0488907,-118.2122526
34.0487884,-118.2124523
34.0489684,-118.2124415
34.048888,-118.2126743
34.049128,-118.2127714
34.0489806,-118.212863
34.0491447,-118.2132564
34.04931,-118.2131663
34.0493917,-118.2133511
34.0492937,-118.2135749
34.0495592,-118.2137128
34.0494056,-118.2138339
34.0495422,-118.2141553
34.0496884,-118.2140136
34.0498358,-118.2143348
34.0496712,-118.2144357
34.0497596,-118.2146642
34.0499573,-118.2145861
34.0499508,-118.2150828
34.0501154,-118.2149133
34.0501727,-118.2149425
34.0502841,-118.215149
34.0502613,-118.2152462
34.0500252,-118.2153461
34.0500874,-118.2153718
34.0488283,-118.2129138
34.0484624,-118.2131445
34.0480572,-118.2134122
34.0480205,-118.2132258
34.0477215,-118.2136234
34.0473704,-118.21385
34.0473583,-118.2142297
34.0472624,-118.2137059
34.0469452,-118.2141236
34.0465352,-118.2143858
34.0461075,-118.2146586
34.0456907,-118.2149316
34.0455832,-118.2150857
34.0456327,-118.2152081
34.0455175,-118.2152736
34.0457213,-118.2153789
34.0455666,-118.2154444
34.0457705,-118.2154965
34.0456309,-118.215616
34.0452371,-118.2150619
34.0448517,-118.2153125
34.044573,-118.2154179
34.0444559,-118.2155604
34.0441292,-118.215775
34.0437676,-118.2160087
34.0435992,-118.2160485
34.0433684,-118.2162689
34.0430228,-118.2164871
34.0429503,-118.2167694
34.0429668,-118.2167035
34.0428241,-118.2165132
34.0426978,-118.2166521
34.0427667,-118.2168276
34.0431475,-118.2166294
34.045344,-118.2149672
34.0454784,-118.2148482
34.0454402,-118.2147519
34.0453817,-118.2146158
34.0452862,-118.2148383
34.0452805,-118.2143907
34.0451694,-118.2145732
34.0450957,-118.2144111
34.0451966,-118.2142045
34.0451473,-118.2140936
34.0451008,-118.2139862
34.0450009,-118.2142083
34.0449235,-118.2140285
34.0450372,-118.2138405
34.0448867,-118.2139363
34.0448055,-118.2139288
34.0447962,-118.213721
34.0449528,-118.213598
34.0450741,-118.213752
34.0448552,-118.2133853
34.044773,-118.2132224
34.0447302,-118.213101
34.0446702,-118.2129844
34.0446085,-118.2128409
34.0445129,-118.2126209
34.044539,-118.2125337
34.0445009,-118.2122465
34.0445022,-118.2121418
34.0445052,-118.2120211
34.0445216,-118.2118041
34.0445255,-118.2116727
34.0445226,-118.2113897
34.0444758,-118.2112841
34.0444185,-118.2111474
34.0443554,-118.2109949
34.0442614,-118.2108085
34.044226,-118.2107201
34.0441275,-118.2105059
34.0439624,-118.2101273
34.0438567,-118.2098788
34.0438682,-118.2097984
34.043621,-118.2099783
34.0436876,-118.2099865
34.043733,-118.210081
34.0437085,-118.2101084
34.0436651,-118.2101425
34.0437637,-118.2102222
34.0437835,-118.210331
34.0437746,-118.2104311
34.0437161,-118.2103305
34.0437085,-118.2105358
34.0436049,-118.2106074
34.0435835,-118.2105053
34.043599,-118.2104062
34.0434689,-118.2103467
34.043386,-118.210208
34.0435426,-118.2100672
34.0438061,-118.2095985
34.0440385,-118.2096831
34.0444664,-118.2091852
34.0447278,-118.2092459
34.0440856,-118.2094292
34.0443594,-118.209477
34.0447981,-118.208976
34.0449997,-118.2090715
34.0450597,-118.2088044
34.0452439,-118.2089083
34.0453114,-118.2086457
34.0454591,-118.2087739
34.0456039,-118.208455
34.0458912,-118.2085012
34.0460169,-118.2081908
34.046329,-118.208247
34.0463756,-118.2079582
34.0466196,-118.2078022
34.0466169,-118.2083248
34.0471591,-118.2091598
34.0467579,-118.20942
34.0464045,-118.209648
34.0460506,-118.2098719
34.0460112,-118.2099014
34.0456868,-118.2101019
34.0456906,-118.2101544
34.045802,-118.2104589
34.0458218,-118.2104595
34.0460274,-118.2109586
34.0460278,-118.2109206
34.0461769,-118.2112582
34.0460185,-118.2114165
34.0462597,-118.2114594
34.0464531,-118.2119077
34.0466516,-118.2123421
34.0467633,-118.212514
34.0471645,-118.2122475
34.047514,-118.2121855
34.0476288,-118.2119505
34.0479679,-118.2117294
34.0476188,-118.2123225
34.0478117,-118.2127579
34.0482308,-118.2136895
34.0470685,-118.2132741
34.0469651,-118.2130448
34.0468681,-118.2128236
34.0466533,-118.2127352
34.0462513,-118.2128371
34.0459224,-118.213057
34.0459696,-118.2133192
34.0457457,-118.2133273
34.0453678,-118.2135634
34.0452822,-118.2136198
34.0455479,-118.2139317
34.0461391,-118.2141198
34.0463957,-118.2142638
34.0461638,-118.2137428
34.0459332,-118.213655
34.04548,-118.2100271
34.045295,-118.2096117
34.0450968,-118.2091711
34.0452422,-118.2090685
34.0453489,-118.2093076
34.0455172,-118.2092927
34.0448551,-118.2106348
34.0444059,-118.2109875
34.0477545,-118.2104495
34.0473158,-118.2107405
34.0468899,-118.2110141
34.0465025,-118.2112604
34.0456253,-118.2116626
34.0448894,-118.2121325
34.045108,-118.2123596
34.0452373,-118.2122742
34.04537,-118.2121914
34.0447249,-118.2124064
34.0446116,-118.212123
34.0446801,-118.213471
34.0446126,-118.2133176
34.0445448,-118.2131646
34.0444433,-118.2129453
34.0443973,-118.2128351
34.0443557,-118.2127516
34.0443402,-118.2127108
34.0443116,-118.2124772
34.0443245,-118.2123074
34.0443357,-118.2121008
34.0443429,-118.2119916
34.0443468,-118.2118206
34.0443516,-118.2116863
34.044369,-118.2115156
34.0443162,-118.211344
34.0442437,-118.2111893
34.0441425,-118.21096
34.0438972,-118.2104434
33.9607651,-118.2915343
33.9606902,-118.2915329
33.9606038,-118.2915343
33.9605166,-118.2914263
33.9603627,-118.2915304
33.960445,-118.2915306
33.9605203,-118.291533
34.1276508,-118.2733385
34.1378092,-118.2762471
34.1382959,-118.2763906
34.1408391,-118.2768655
34.1448027,-118.2788485
34.1443413,-118.278737
34.143936,-118.2786818
33.9416977,-118.3968318
33.943847,-118.4018114
34.1766805,-118.6032214
34.1763604,-118.6031951
34.1763703,-118.6039186
34.1767001,-118.6039206
33.9869056,-118.4755952
33.9873414,-118.4756595
33.9870423,-118.475227
33.9867952,-118.4748575
33.9886818,-118.4753269
33.9884991,-118.475172
33.988333,-118.4750218
33.9874718,-118.4742713
33.9873583,-118.4741682
33.9869333,-118.4738019
33.9867175,-118.473616
33.9880021,-118.4747259
33.9862471,-118.4731704
33.9860755,-118.4730224
33.986382,-118.4733185
33.9861595,-118.4736624
33.9878443,-118.4747864
33.9873492,-118.4747216
33.9864316,-118.4738978
34.272261,-118.4614378
34.2720818,-118.4614363
34.2724564,-118.4606414
34.2725354,-118.4604662
34.2725442,-118.4609624
34.27255,-118.4612341
34.2723255,-118.459621
34.2720886,-118.4596221
34.2725594,-118.4596227
34.2723652,-118.4609192
34.2722216,-118.4606939
34.2725118,-118.4613984
34.0901955,-118.2921467
34.0902741,-118.2921309
34.0903895,-118.2921694
34.0905448,-118.2921588
34.0906866,-118.2921353
34.0901506,-118.2918888
34.0903419,-118.2918934
34.090433,-118.2918954
34.0905932,-118.2919018
34.0906868,-118.2919047
34.0906946,-118.2919052
34.0907593,-118.2919779
34.307398,-118.5115623
34.307584,-118.5110884
34.3085422,-118.5103298
34.3089291,-118.510074
34.3092717,-118.5097148
34.3080912,-118.5104946
34.3076391,-118.510647
34.3074339,-118.5106572
34.3072886,-118.5108142
34.3072101,-118.511138
34.3071471,-118.5103945
34.3069287,-118.5110629
34.306791,-118.5114873
34.3065459,-118.5113984
34.30641,-118.5118242
34.3061777,-118.5117203
34.3060505,-118.5121323
34.3058125,-118.5120276
34.3054436,-118.5129828
34.3048148,-118.5133068
34.3051876,-118.5132805
34.3058357,-118.5129637
34.3066122,-118.5121522
34.3064805,-118.5126452
34.3061489,-118.5126369
34.30684,-118.5100619
34.3073347,-118.5101731
34.3072687,-118.5098083
34.307271,-118.5091322
34.3062965,-118.5080978
34.3060018,-118.5076384
34.3068249,-118.5083789
34.3071839,-118.5086608
34.3059156,-118.5070072
34.305775,-118.5064703
34.3063235,-118.5063635
34.306708,-118.5065311
34.3066221,-118.5058807
34.3065394,-118.5052433
34.3072839,-118.507448
34.3069937,-118.5070934
34.3077292,-118.5076577
34.3082872,-118.5076968
34.3087945,-118.5079177
34.30908,-118.5083801
34.309161,-118.5089889
34.3093357,-118.509452
34.3095803,-118.5091814
34.3097454,-118.5086017
34.3098572,-118.5079824
34.309968,-118.5073461
34.3100783,-118.5067129
34.3101505,-118.5060948
34.3102065,-118.5054416
34.3102408,-118.5051327
34.3101995,-118.5050018
34.310363,-118.5045658
34.3075541,-118.5104085
34.3052301,-118.5009836
34.305632,-118.5011971
34.3048043,-118.5008531
34.304959,-118.5011805
34.3053388,-118.5013366
34.3056144,-118.5015019
34.3060047,-118.5014765
34.3045577,-118.5010968
34.3043683,-118.5007993
34.3041567,-118.5010809
34.303928,-118.5008275
34.3037369,-118.5011507
34.3036959,-118.50124
34.3036636,-118.5008762
34.2396939,-118.3935555
34.1215608,-118.3982807
33.9568181,-118.2653424
33.9574864,-118.2653424
33.9563029,-118.2659646
33.9571026,-118.2676574
33.9569597,-118.26853
33.957891,-118.2687186
33.9576388,-118.268033
33.9576348,-118.2677723
33.9578176,-118.2680282
33.9565278,-118.2654221
34.2428458,-118.5574605
34.2426531,-118.5577983
34.2428481,-118.558109
34.2426451,-118.5581162
34.2424567,-118.5578764
34.2423594,-118.5580363
34.2424238,-118.5570865
34.2424185,-118.5576509
34.242323,-118.5576519
34.2421133,-118.5576523
34.2424196,-118.5574973
34.2424181,-118.5574452
34.2424204,-118.5573113
34.2353041,-118.5561941
34.2353051,-118.5563096
34.2354406,-118.5558595
33.9579453,-118.2683673
33.9578937,-118.2686518
33.9576551,-118.2693104
33.9565392,-118.2687667
33.9565371,-118.2685631
33.9565392,-118.2689593
33.9565361,-118.2691605
33.9565392,-118.2681689
33.9565403,-118.2679481
33.9565487,-118.2675259
33.9565375,-118.2677539
33.9577144,-118.268723
33.9571817,-118.2685085
33.9561879,-118.2657893
33.9559,-118.2658957
33.9557167,-118.2659204
33.9565706,-118.2693412
33.9567486,-118.2693141
33.9570011,-118.2693089
33.9572936,-118.2693062
33.957987,-118.2688978
33.9568788,-118.2685368
33.9566277,-118.2683815
33.9565404,-118.2683432
34.1018418,-118.305732
34.1016617,-118.305825
34.2426703,-118.5355596
34.2428541,-118.5414238
33.9506217,-118.4347948
33.9505743,-118.4337457
33.9506193,-118.4353872
33.9505737,-118.4335133
33.9506138,-118.4355861
33.9506248,-118.4344008
33.9506682,-118.4341374
33.9506915,-118.4330751
33.9506264,-118.4332914
33.9507559,-118.4328568
33.950633,-118.4345991
33.9508208,-118.4326384
33.9506223,-118.4342034
33.9506184,-118.4351898
33.9505754,-118.4339796
33.9508867,-118.4324225
33.950597,-118.4342371
33.9506184,-118.4349936
33.9506055,-118.4361815
33.9505959,-118.4367759
33.9505929,-118.4369726
33.950609,-118.4359831
33.9506032,-118.4363819
33.950589,-118.4375671
33.9505744,-118.436732
33.9505891,-118.4373671
33.9505993,-118.4365768
33.9505878,-118.437168
34.2376749,-118.5239512
34.2376755,-118.5235988
34.2240977,-118.5404864
34.1808985,-118.4663496
34.1810674,-118.466044
34.1806887,-118.4660383
34.180608,-118.4663771
34.1805672,-118.4664364
34.1814155,-118.4660255
34.3247648,-118.4407844
34.3247291,-118.4402139
34.3078647,-118.4627135
34.3091255,-118.447818
34.304294,-118.4728371
34.3042096,-118.4728348
34.3048319,-118.4735325
34.0417542,-118.2621948
34.0414014,-118.2616486
34.0414381,-118.261719
34.0415086,-118.2618311
34.0414244,-118.2619086
34.0413375,-118.2617633
34.0412898,-118.2616963
34.0413742,-118.261618
34.0411923,-118.2615379
34.0412872,-118.2614645
34.0398855,-118.2627963
34.0399949,-118.2629623
34.0399125,-118.2630897
34.0398023,-118.2629159
34.0397645,-118.2628547
34.041209,-118.2613622
34.0408288,-118.261065
34.0410546,-118.2611108
34.0409912,-118.2610139
34.0411436,-118.2612478
34.0409495,-118.2611635
34.0473492,-118.2914037
34.0473836,-118.2915128
34.1905766,-118.5708177
34.1906621,-118.5711475
34.1908247,-118.5708178
34.1909411,-118.5711509
34.1912155,-118.5711496
34.1910973,-118.570818
34.1903549,-118.5708437
34.1904822,-118.5711166
34.1901077,-118.5711092
34.1898642,-118.5708399
34.1913151,-118.5711181
34.1913178,-118.5708505
34.1917678,-118.571113
34.1858399,-118.5708159
34.1861205,-118.5710928
34.1869103,-118.5711117
34.1871521,-118.5711052
34.187028,-118.5708303
34.1867602,-118.5708303
34.186338,-118.5708195
34.1865867,-118.5710993
34.1857736,-118.5707605
34.1856617,-118.5703626
34.1855856,-118.5698544
34.1856492,-118.5688135
34.1853409,-118.5695978
34.1853893,-118.5701639
34.1855005,-118.5706919
34.1854504,-118.5708186
34.1856611,-118.5711328
34.185595,-118.5710931
34.0982218,-118.2050704
34.0982584,-118.2050085
34.0195022,-118.4447713
33.9308839,-118.2867706
33.9310694,-118.2867873
33.9311295,-118.2868784
33.931083,-118.2865422
33.9308699,-118.286367
33.9310753,-118.2860868
33.9310753,-118.2855358
33.9308873,-118.2858253
33.9308951,-118.2852299
33.9310772,-118.2850758
33.9308854,-118.2849403
33.9312147,-118.2849147
33.9310753,-118.2871819
33.9313232,-118.2870885
33.9315267,-118.2868784
33.9316545,-118.2870815
33.9315906,-118.2849053
34.0443769,-118.3288524
34.1127125,-118.3069193
34.2437077,-118.456396
34.2440965,-118.4561138
34.2433554,-118.4566538
34.2429391,-118.4569015
34.2428133,-118.4569934
34.2428177,-118.4574885
34.2428115,-118.4565902
34.2441914,-118.4565262
34.2445408,-118.4557956
34.2428099,-118.4558259
34.2428176,-118.4553629
34.242816,-118.4549452
34.2428135,-118.454501
34.2216977,-118.4838372
34.221506,-118.4838333
34.221452,-118.4839017
34.2214453,-118.4843552
34.222072,-118.4839212
34.2224215,-118.4840913
34.2990247,-118.4591991
34.2987622,-118.4595805
34.2288487,-118.4587058
34.2294728,-118.458443
34.2298079,-118.4582351
34.2298096,-118.4580623
33.9942294,-118.2473568
34.2436315,-118.4671722
34.2426323,-118.4673075
34.2426904,-118.4672259
34.2432792,-118.4673097
34.243606,-118.4673057
34.0896902,-118.2885445
34.0897793,-118.2883168
34.089809,-118.2888839
34.0896463,-118.2893818
34.0901742,-118.2893728
34.0905115,-118.289373
34.0906637,-118.2893674
34.0907151,-118.289228
34.0907514,-118.289373
34.0909769,-118.2894518
34.0909773,-118.289105
34.0907856,-118.2883268
34.0909694,-118.2882523
34.0909774,-118.2879005
34.0907816,-118.2878856
34.0907801,-118.2874079
34.0909674,-118.2872663
34.0907398,-118.2870047
34.0909729,-118.2868938
34.0906801,-118.2866521
34.0903284,-118.2867655
34.0902365,-118.2870097
34.0897895,-118.2867589
34.0897985,-118.2870718
34.0896805,-118.2871595
34.0896682,-118.2876289
34.2984857,-118.4724437
34.2987249,-118.4721808
34.2988327,-118.4723573
34.2986098,-118.4726117
34.29851,-118.472146
34.2986894,-118.4719422
34.2984673,-118.4718751
34.2983327,-118.4716169
34.2980984,-118.4711898
34.2982889,-118.4720193
34.2983049,-118.4724153
34.2981763,-118.4722354
34.297998,-118.4723742
34.2978412,-118.4725257
34.2976573,-118.4726759
34.2976285,-118.4724211
34.2976861,-118.4721241
34.2976235,-118.4718639
34.2976069,-118.4716487
34.2977747,-118.4714783
34.2979343,-118.4713107
34.2978184,-118.4716836
34.2980405,-118.4716714
34.2978858,-118.4719972
34.298211,-118.4717625
34.2980965,-118.4719166
34.2981715,-118.4714291
34.2286946,-118.5359448
34.2285586,-118.5359434
34.2286266,-118.5359441
34.0637285,-118.3552646
34.0638643,-118.355309
34.063777,-118.3554032
34.0638103,-118.3555674
34.2439772,-118.5200249
34.2436375,-118.5200266
34.2433547,-118.5200306
34.0476979,-118.3452715
34.0522209,-118.3698147
34.0479084,-118.3453258
34.0479556,-118.3448833
34.3318276,-118.5078771
34.3313982,-118.5076343
34.3309512,-118.5074094
34.3304748,-118.5071979
34.329999,-118.5070016
34.3301452,-118.5065231
34.3296706,-118.5063083
34.3292136,-118.5060738
34.3291217,-118.5063848
34.3281057,-118.505863
34.328315,-118.5056504
34.3270236,-118.5052176
34.3269016,-118.5056549
34.3265918,-118.5049244
34.3264341,-118.5056687
34.3261615,-118.5046295
34.3251784,-118.5049933
34.3254799,-118.5040672
34.3249421,-118.5035162
34.3245219,-118.5030207
34.3241362,-118.5024783
34.3238012,-118.5019233
34.3232893,-118.5010296
34.323631,-118.5009046
34.323352,-118.5004127
34.3230684,-118.4999227
34.3227857,-118.4994339
34.3225012,-118.4989416
34.3222233,-118.4984538
34.3245835,-118.5017476
34.3250069,-118.5023098
34.3253599,-118.5027041
34.3257429,-118.5030721
34.3261373,-118.5034171
34.3357693,-118.5038889
34.3311135,-118.5045588
34.3320326,-118.5048725
34.330152,-118.5041714
34.3365662,-118.5038958
34.3363104,-118.5038538
34.3305895,-118.5043657
34.3315767,-118.5047128
34.3325232,-118.5050841
34.0743655,-118.2608444
34.0743115,-118.2606735
34.074422,-118.2607197
34.075314,-118.2613195
34.0757804,-118.2612293
34.0750055,-118.259963
34.0749098,-118.2601017
34.0748664,-118.2603968
34.0753903,-118.2611048
34.0760463,-118.2613442
34.0759685,-118.2612903
34.0755473,-118.2608219
34.0756585,-118.2615019
34.065942,-118.3510282
34.0661858,-118.3507362
34.0654169,-118.3515108
34.0650269,-118.3513701
34.0648257,-118.3513529
34.0647865,-118.3515444
34.0643497,-118.3513954
34.0638593,-118.351544
34.0634771,-118.3513976
34.0629823,-118.3515382
34.0626517,-118.3525951
34.0643489,-118.3526012
34.0647292,-118.3524572
34.0651299,-118.3530229
34.0648025,-118.3535168
34.064802,-118.3539382
34.0649775,-118.3541501
34.064979,-118.3537182
34.0649785,-118.3533037
34.0649775,-118.3528887
34.0648035,-118.3530959
34.0648059,-118.3526808
34.064979,-118.3524643
34.0649833,-118.3520399
34.0647933,-118.3522483
34.0648223,-118.3518315
34.0654679,-118.3531116
34.0657121,-118.3529283
34.0657566,-118.3532301
34.0656119,-118.3650149
34.0657986,-118.3648201
34.0660417,-118.3649446
34.0662261,-118.3647505
34.0664328,-118.3648814
34.0666287,-118.3646839
34.0668664,-118.3648102
34.0667978,-118.3638879
34.0667399,-118.3633831
34.0666772,-118.3628036
34.066616,-118.3622638
34.0665537,-118.3617197
34.0664745,-118.3615246
34.0660417,-118.3615193
34.0656375,-118.3615166
34.0654378,-118.3613162
34.0652347,-118.3615162
34.0647982,-118.3615104
34.0643614,-118.3612667
34.0658186,-118.361692
34.0658826,-118.3622642
34.0659457,-118.3628064
34.0660076,-118.3633669
34.0659693,-118.3639747
34.0661347,-118.3645149
34.0662029,-118.3650973
34.0662665,-118.3656695
34.0663305,-118.3662377
34.0663949,-118.3668165
34.0664597,-118.3673811
34.0664248,-118.3680102
34.0648024,-118.3542693
34.0647996,-118.3545063
34.0647436,-118.3547231
34.0649807,-118.3548872
34.064973,-118.3552225
34.0649733,-118.3564161
34.0649741,-118.3568559
34.0649645,-118.3577088
34.0649645,-118.3581375
34.064785,-118.3583468
34.0649631,-118.3585675
34.0649613,-118.3589967
34.0649598,-118.3597476
34.0649573,-118.3601948
34.064957,-118.360623
34.0647783,-118.3611996
34.0647815,-118.3608402
34.0647844,-118.3604763
34.0647863,-118.3599748
34.0647866,-118.3595512
34.0647914,-118.3587702
34.0647911,-118.3579248
34.0647927,-118.3574919
34.0647904,-118.3570706
34.0647952,-118.3566304
34.0647965,-118.3562133
34.0647984,-118.3557669
34.0647997,-118.3553833
34.0647965,-118.3550583
34.0649729,-118.3555563
34.0649678,-118.3572776
34.064879,-118.3618736
34.064959,-118.3625642
34.0650335,-118.3621561
34.0651257,-118.3629707
34.065052,-118.3633768
34.0652082,-118.3636893
34.0651341,-118.3641152
34.0652941,-118.3644597
34.0652162,-118.3648536
34.0651888,-118.3650828
34.0647708,-118.3651508
34.0643595,-118.36522
34.0640227,-118.3652754
34.0638042,-118.3653175
34.0635857,-118.3653475
34.0635116,-118.3651381
34.063203,-118.36538
34.0629643,-118.3656138
34.0627661,-118.3658054
34.0628646,-118.3661057
34.063062,-118.3659162
34.0625606,-118.3660056
34.0625922,-118.366373
34.0623581,-118.3661987
34.0621009,-118.3664487
34.0618735,-118.3666764
34.0616559,-118.3668817
34.0615776,-118.3667735
34.0614323,-118.3663288
34.0614845,-118.3659436
34.0613406,-118.3655127
34.0613822,-118.365037
34.0612867,-118.3642183
34.0611499,-118.3638296
34.061197,-118.3633971
34.0610526,-118.3629677
34.0615939,-118.36752
34.0615034,-118.3671955
34.0619222,-118.3669795
34.0621555,-118.3667576
34.0623755,-118.3665444
34.0614226,-118.3683319
34.0615576,-118.3683594
34.0618081,-118.3687329
34.0622653,-118.3694169
34.0625114,-118.3697837
34.0625814,-118.369553
34.062873,-118.3693894
34.0627364,-118.3690407
34.0627864,-118.3686384
34.0626542,-118.3682843
34.0625681,-118.3675299
34.0624875,-118.3668399
34.0626264,-118.3672114
34.0626981,-118.3678853
34.0623504,-118.3656204
34.062394,-118.3651691
34.0623035,-118.3643781
34.0621675,-118.3639914
34.062213,-118.3635866
34.0620866,-118.3632863
34.0621265,-118.3628138
34.0619957,-118.3624722
34.0620437,-118.3620816
34.0620409,-118.3617658
34.0624327,-118.3615657
34.0615922,-118.3620017
34.0614318,-118.3623122
34.0610247,-118.3614483
34.0610858,-118.361988
34.0611061,-118.3613421
34.0617372,-118.3610169
34.0620839,-118.3608471
34.0637489,-118.3615265
34.0639812,-118.3612955
34.0641381,-118.3615123
34.0640785,-118.3622531
34.06414,-118.3628048
34.0641961,-118.3633127
34.0642526,-118.3638285
34.0643123,-118.3643448
34.064372,-118.3648553
34.0644381,-118.365459
34.064567,-118.3666084
34.0646335,-118.3671776
34.0646945,-118.367733
34.0647598,-118.3682915
34.0648158,-118.3687956
34.0648827,-118.3693836
34.0649484,-118.3699533
34.0650166,-118.3705616
34.0650827,-118.3711516
34.0652485,-118.3713122
34.0664875,-118.3685748
34.066618,-118.3697253
34.0666841,-118.3703113
34.0667468,-118.3708697
34.0665543,-118.3691602
34.0668699,-118.3719614
34.0670958,-118.3729794
34.0670403,-118.3724789
34.06702,-118.373373
34.0667864,-118.3738055
34.0670111,-118.3739546
34.0672482,-118.3738555
34.0669799,-118.3735679
34.0675579,-118.3739851
34.0675922,-118.3742657
34.0677605,-118.3741143
34.0679661,-118.3740689
34.0680864,-118.3742484
34.0682238,-118.3744407
34.0685521,-118.3746637
34.0688866,-118.3748697
34.069222,-118.3750717
34.0694125,-118.3753755
34.0700351,-118.3760038
34.0703212,-118.3760568
34.0702862,-118.3762619
34.0705889,-118.376274
34.0706856,-118.3762613
34.0710122,-118.3762874
34.0709655,-118.376567
34.0713054,-118.376848
34.0713865,-118.3766328
34.0713621,-118.3765838
34.0716987,-118.3775139
34.0718726,-118.3778136
34.072042,-118.3788939
34.0721736,-118.378623
34.0720886,-118.3780456
34.0722158,-118.3781174
34.0721147,-118.3776144
34.0721792,-118.3791862
34.0720442,-118.3794417
34.0721769,-118.3796911
34.0719809,-118.3796268
34.0720436,-118.3799547
34.0721853,-118.3802202
34.0722925,-118.3799513
34.0722886,-118.3786236
34.0718548,-118.3772383
34.0718031,-118.37708
34.0716582,-118.37697
34.0716432,-118.3768661
34.0705534,-118.3765241
34.0718919,-118.3767932
34.0721314,-118.3773238
34.0723364,-118.3778334
34.0724273,-118.3783845
34.0724825,-118.3784382
34.0722871,-118.3794399
34.0722663,-118.380549
34.0721967,-118.3806821
34.0720376,-118.3804883
34.0721773,-118.380737
34.0722857,-118.3809979
34.0719941,-118.380678
34.072174,-118.3812869
34.0722837,-118.3815449
34.0724375,-118.3812851
34.072438,-118.3807335
34.0719752,-118.3817406
34.0721751,-118.3818022
34.0722807,-118.3820705
34.0721735,-118.3826056
34.0722801,-118.3826136
34.072429,-118.3823367
34.0724362,-118.3817989
34.0719791,-118.3828027
34.0721724,-118.3828671
34.0722823,-118.3828543
34.072264,-118.3831152
34.0721718,-118.3833412
34.0722579,-118.3836838
34.0719857,-118.3836899
34.0721907,-118.3839219
34.0724334,-118.383938
34.0724895,-118.3836986
34.0722784,-118.3842001
34.0724284,-118.3844757
34.0722779,-118.38475
34.0724273,-118.384974
34.0722757,-118.3852348
34.0724934,-118.3857598
34.0722773,-118.3857183
34.0722762,-118.3861655
34.0724662,-118.3867496
34.0722379,-118.3867194
34.0724256,-118.3869246
34.0722757,-118.3871653
34.0722729,-118.3876481
34.0724767,-118.3877044
34.0722723,-118.3881624
34.0724256,-118.3879137
34.072274,-118.3886412
34.0724834,-118.3886922
34.0722718,-118.3892199
34.0722573,-118.38958
34.0724762,-118.3898495
34.0724268,-118.3899179
34.0722468,-118.3896417
34.0721468,-118.3898462
34.2573205,-118.4539173
34.2573201,-118.4538101
34.2573202,-118.4538317
34.2683873,-118.4364799
34.2676895,-118.435788
34.1041875,-118.2641701
34.1052304,-118.2643442
34.1001397,-118.2611861
34.1004738,-118.2609395
34.243631,-118.4668979
34.1016262,-118.3083879
34.1016261,-118.3084563
34.101626,-118.3085878
34.1016259,-118.3087638
34.1016258,-118.3088506
34.0620513,-118.3296713
34.061863,-118.3303258
34.0618558,-118.329837
34.0618452,-118.3293213
34.0620486,-118.3292958
34.0618091,-118.3267678
34.0617991,-118.3263588
34.0617841,-118.32588
34.0620019,-118.3264942
34.0620119,-118.3269703
34.0618197,-118.3275953
34.0618197,-118.3273217
34.0620186,-118.3274612
34.0620263,-118.3278716
34.0620336,-118.3283456
34.0620413,-118.3288258
34.0618414,-118.3290222
34.0618319,-118.3285072
34.0618202,-118.3280607
34.272372,-118.4610541
34.265173,-118.5441189
34.2650698,-118.5418324
34.2650705,-118.543607
34.2651792,-118.5413899
34.2650217,-118.5445259
34.265069,-118.5427465
34.265179,-118.542283
34.2651806,-118.5431836
34.2670146,-118.5416373
34.2653241,-118.5411767
34.2649828,-118.541321
34.2660356,-118.5414028
34.2656083,-118.5413875
34.2664911,-118.5415725
34.2659803,-118.5418231
34.2679014,-118.5425158
34.2678874,-118.5437413
34.2684965,-118.5423962
34.26789,-118.5432001
34.2678896,-118.5443557
34.2680238,-118.5419616
34.2692683,-118.5449789
34.2670236,-118.545003
34.2684229,-118.5447543
34.2689819,-118.5447458
34.2669628,-118.5435589
34.2692466,-118.5428449
34.2687113,-118.5427584
34.2688654,-118.543908
34.2687627,-118.5433244
34.2697285,-118.5431563
34.2689659,-118.544536
34.2675671,-118.5449737
34.2669662,-118.5428575
34.266745,-118.5447434
34.2678675,-118.544752
34.2681361,-118.544977
34.2669525,-118.5442018
34.2672796,-118.5447687
34.269558,-118.5447606
34.2669641,-118.5422365
34.2686936,-118.5449819
34.2697261,-118.5436946
34.2659844,-118.5449765
34.2662546,-118.5437019
34.2675583,-118.5416816
34.2649424,-118.5449896
34.2657234,-118.5447432
34.2665016,-118.5449693
34.2651978,-118.5447503
34.265457,-118.5449745
34.2659615,-118.5436628
34.2659643,-118.5430769
34.2659639,-118.5424155
34.2662361,-118.544747
34.2659608,-118.5444015
34.23545,-118.5646245
34.2644276,-118.538061
34.2644428,-118.5394026
34.2646197,-118.5384515
34.2644395,-118.5373654
34.2644466,-118.538756
34.2644256,-118.5404486
34.2640901,-118.5359803
34.2646183,-118.5402415
34.2646149,-118.5377162
34.2646327,-118.5359198
34.2646163,-118.5390877
34.2646182,-118.5318917
34.2644304,-118.5316037
34.2646458,-118.5277759
34.2644298,-118.528836
34.2644081,-118.5282907
34.2646154,-118.5350898
34.2644177,-118.5353472
34.264653,-118.5271086
34.264643,-118.5264197
34.2644265,-118.5334559
34.2646183,-118.5325132
34.2643566,-118.5271643
34.2646247,-118.5337916
34.2646266,-118.5299478
34.2646311,-118.5356525
34.2646155,-118.5285203
34.2644871,-118.5260829
34.2644199,-118.5359149
34.2645008,-118.5259908
34.2644331,-118.5328296
34.2648516,-118.5261698
34.264618,-118.5292834
34.2646171,-118.534411
34.264741,-118.5258782
34.2646788,-118.5273252
34.264634,-118.5264777
34.2646764,-118.5273844
34.2643602,-118.5318198
34.2644343,-118.530269
34.2646211,-118.5277753
34.2644194,-118.5267288
34.26462,-118.5312766
34.2644315,-118.5340947
34.2644292,-118.5309442
34.2644211,-118.5267612
34.2648541,-118.526591
34.2644159,-118.5270988
34.2646197,-118.5273899
34.26443,-118.5296123
34.264607,-118.5306097
34.2646203,-118.5331453
34.1401522,-118.2278894
34.1253518,-118.2636702
34.135173,-118.3576883
34.1354994,-118.3586024
34.1357245,-118.3590316
34.1341724,-118.3544418
34.13428,-118.354922
34.1344284,-118.3553733
34.1361456,-118.3598682
34.1353306,-118.3581494
34.1350144,-118.3571764
34.133704,-118.351425
34.1359313,-118.3594432
34.1363782,-118.3603241
34.1347246,-118.356296
34.1348739,-118.3567592
34.1345795,-118.3558508
34.1340497,-118.3539518
34.1410846,-118.3435852
34.1432453,-118.3427722
34.1423003,-118.3444522
34.1412102,-118.3430463
34.1415086,-118.3422009
34.1428465,-118.3434392
34.1413417,-118.3424825
34.1413132,-118.3443726
34.1410415,-118.3441193
34.1428288,-118.3435528
34.142333,-118.3444772
34.1426592,-118.3437852
34.1429907,-118.3430047
34.0552923,-118.4267233
34.0512736,-118.4301116
34.0582038,-118.4247896
34.057959,-118.4351925
34.0584565,-118.4419719
34.0582128,-118.4418765
34.0544942,-118.4240498
34.0557107,-118.4243302
34.0548925,-118.4241921
34.0540997,-118.4284976
34.0542469,-118.4282879
34.0543132,-118.42705
34.0495531,-118.4259434
34.0494067,-118.4258042
34.0496191,-118.4258403
34.0495137,-118.4257051
34.0523201,-118.2431789
34.0522326,-118.2431771
34.0532259,-118.4171787
34.0543218,-118.4179654
34.048037,-118.4142924
34.0544795,-118.4180321
34.0544084,-118.4181924
34.0542007,-118.4181043
34.2213033,-118.4162958
34.2207635,-118.4163531
34.2215664,-118.432944
34.2213956,-118.4329243
33.994645,-118.4519223
34.3231241,-118.4697283
34.0408377,-118.4624248
34.0406798,-118.4627914
34.040587,-118.4630086
34.0404817,-118.4630611
34.0403811,-118.4629471
34.0403883,-118.4628425
34.0406022,-118.4626031
34.30919,-118.4332422
34.3085591,-118.432618
34.19,-118.6642245
34.2293072,-118.4656722
34.2292585,-118.4657959
34.2290741,-118.4655059
34.2288434,-118.4650489
34.2287721,-118.4656271
34.2289645,-118.465904
34.2293625,-118.4659442
34.2286204,-118.4653544
34.2296973,-118.465673
34.2297069,-118.4663496
34.2286607,-118.4645684
34.3183164,-118.4640538
34.3184891,-118.4640628
34.1935834,-118.5097309
34.1937778,-118.5095889
34.1936845,-118.5094228
34.2201527,-118.5886927
34.0567826,-118.2329932
34.0567228,-118.2327768
34.0565632,-118.2321719
34.056613,-118.2323516
34.0566662,-118.2325459
34.0564617,-118.232034
34.056587,-118.2322428
34.0565754,-118.2322008
34.0560983,-118.2333205
34.056208,-118.233407
34.0563253,-118.2333421
34.0566324,-118.2332847
34.0568773,-118.2331516
34.0563173,-118.2313041
34.0562869,-118.2312025
34.0563757,-118.2315035
34.0564217,-118.2316766
34.0543447,-118.234969
34.0545783,-118.2349181
34.0547968,-118.2348726
34.0565271,-118.2345012
34.0567432,-118.234456
34.0569612,-118.2344104
34.0569376,-118.2342632
34.0571551,-118.234217
34.0573708,-118.2341712
34.0545599,-118.2347734
34.0543421,-118.2348219
34.0543218,-118.2347945
34.0543431,-118.2346287
34.0543459,-118.2344401
34.0547753,-118.2347295
34.0569459,-118.2335434
34.0571892,-118.2334918
34.0543669,-118.2340936
33.9441935,-118.3975826
33.9452151,-118.3991183
33.9451592,-118.3987891
33.9450934,-118.3994096
33.9446245,-118.3993552
33.94462,-118.3989857
33.9446931,-118.3994916
33.9449674,-118.3995805
33.9441747,-118.3978454
33.9442726,-118.3983206
33.944198,-118.3980913
33.9441593,-118.4017254
33.944494,-118.4029016
33.9450438,-118.4019362
33.945237,-118.4019116
33.9451368,-118.4016692
33.9449718,-118.401649
33.9446411,-118.4016002
33.9441101,-118.4015219
33.9443322,-118.4015547
33.9438457,-118.4014829
33.9435612,-118.4014409
33.9434798,-118.4014289
33.9433149,-118.401397
33.9435726,-118.4023667
33.9435815,-118.4022613
33.9438915,-118.4034715
33.9441844,-118.4035115
33.9440738,-118.4047501
33.943726,-118.4047552
33.9437977,-118.4047042
33.9436921,-118.4048724
33.9437276,-118.4049576
33.9439094,-118.4047206
33.944736,-118.4027459
33.9447591,-118.40244
33.9446474,-118.4021065
33.944487,-118.4018766
33.9438286,-118.4055364
33.9437562,-118.4053354
33.9439909,-118.4051633
33.9442425,-118.3987365
33.9436538,-118.3985999
33.9438738,-118.3986201
33.9438663,-118.3981281
33.943814,-118.3984327
34.1242785,-118.2974603
34.1241543,-118.2974569
34.1810673,-118.6236105
34.1815425,-118.6232219
34.1827029,-118.6235099
34.1862659,-118.6232573
34.1865704,-118.6231387
34.1905521,-118.6232536
34.1817381,-118.6235039
34.1936858,-118.5967358
34.1939003,-118.5792861
34.174981,-118.6431573
34.1570445,-118.6348021
34.1578324,-118.6354054
34.1581975,-118.6356638
34.1585303,-118.6359806
34.1583018,-118.6361102
34.1585024,-118.6363654
34.1580688,-118.6358797
34.1578714,-118.6357089
34.1576132,-118.6355432
34.1573419,-118.6353724
34.1570998,-118.635185
34.1568684,-118.6349522
34.156572,-118.6347273
34.1566638,-118.6345047
34.1561133,-118.6344523
34.1560982,-118.634392
34.1615874,-118.6382178
34.1613723,-118.6382392
34.1609784,-118.6382334
34.1612958,-118.6379335
34.1615648,-118.6379033
34.1618597,-118.6381672
34.163508,-118.6381993
34.1642598,-118.6387774
34.1638941,-118.6384762
34.1650473,-118.6398037
34.1670849,-118.6416044
34.1687587,-118.6427753
34.1700336,-118.6439189
34.1703655,-118.6442125
34.1706954,-118.6445089
34.171013,-118.6447961
34.1836174,-118.6561217
34.1827762,-118.6567257
34.1834041,-118.6558755
34.1829245,-118.6559355
34.1854119,-118.6479191
34.184475,-118.6557312
34.1842648,-118.6584778
34.1844966,-118.6579675
34.1839358,-118.6593691
34.1838887,-118.6597983
34.1841,-118.6588401
34.1838922,-118.6602705
34.1839561,-118.6607495
34.184023,-118.6612422
34.1840819,-118.6617369
34.1841335,-118.66223
34.1841114,-118.6632461
34.1841476,-118.662745
34.1840853,-118.6637239
34.1840444,-118.6642072
34.1840444,-118.6646663
34.1841264,-118.6651296
34.1842618,-118.6655903
34.1844094,-118.6660529
34.1845325,-118.6664613
34.1841037,-118.6659322
34.1839541,-118.6654394
34.1842412,-118.6663633
34.1741477,-118.6484921
34.1742991,-118.6486718
34.1745743,-118.6490105
34.1751803,-118.6497444
34.1746036,-118.6486454
34.1754861,-118.6501131
34.1751836,-118.6493609
34.175491,-118.6497261
34.1758072,-118.6501028
34.1761159,-118.6504761
34.1764215,-118.6508495
34.1769969,-118.6516866
34.1772124,-118.6521641
34.1767239,-118.6512427
34.1764089,-118.6512324
34.1778566,-118.653878
34.1783178,-118.6552613
34.183848,-118.664963
34.1838008,-118.6644393
34.1838302,-118.6639578
34.1839209,-118.6624778
34.1838845,-118.662033
34.1838287,-118.6615657
34.1837745,-118.6610514
34.1837049,-118.6605939
34.1836548,-118.6600346
34.1836823,-118.6594959
34.1837912,-118.6590139
34.1839636,-118.6585419
34.1842141,-118.6580512
34.1843199,-118.6578002
34.1845805,-118.6567485
34.1845068,-118.6572075
34.1845905,-118.6563161
34.1845745,-118.6560699
34.1845055,-118.6551097
34.1847426,-118.6553469
34.1847662,-118.6556276
34.1852909,-118.6556527
34.1857155,-118.6555948
34.1861237,-118.6555495
34.1865347,-118.6554953
34.1869468,-118.655444
34.1873695,-118.6554019
34.1877745,-118.6553392
34.1886082,-118.6553136
34.1890197,-118.6554076
34.1894288,-118.6555694
34.1898094,-118.6557878
34.1898453,-118.6561292
34.190385,-118.6564623
34.1903326,-118.6560333
34.1905787,-118.6565664
34.1871749,-118.6556844
34.1875867,-118.6556399
34.1880012,-118.6555914
34.1883938,-118.6555679
34.1887788,-118.6556185
34.1891508,-118.6557261
34.1895099,-118.6559122
34.151072,-118.6304746
34.1507102,-118.6303458
34.1594492,-118.6367856
34.1589886,-118.6378359
34.1596933,-118.6362159
34.1602499,-118.6372082
34.159754,-118.6378398
34.1579064,-118.6349457
34.1570454,-118.634506
34.1572766,-118.6346793
34.1574903,-118.6348477
34.1582219,-118.6354679
34.1585924,-118.6355513
34.15891,-118.6354104
34.1592417,-118.6353157
34.159584,-118.6352955
34.1564679,-118.634116
34.1522426,-118.6289652
34.15212,-118.6286081
34.1519545,-118.6280316
34.1517595,-118.627375
34.1516563,-118.627047
34.1514566,-118.6263847
34.1513755,-118.6261378
34.1511772,-118.6254641
34.151009,-118.6248836
34.1507651,-118.6240229
34.1506257,-118.623593
34.1503718,-118.6227566
34.1502592,-118.6223614
34.1501017,-118.6216068
34.1500455,-118.6211639
34.1499905,-118.6204919
34.1499811,-118.6200757
34.1499919,-118.6192474
34.150012,-118.6184321
34.1500394,-118.6175997
34.150024,-118.6172014
34.1594851,-118.6357486
34.1591599,-118.635977
34.1597371,-118.6353993
34.1608761,-118.6327292
34.1637002,-118.6242993
34.163712,-118.6245886
34.1660786,-118.6407214
34.1680525,-118.6421391
34.168394,-118.642433
34.1685778,-118.6426107
34.1690737,-118.6430585
34.1693952,-118.6433474
34.1697032,-118.6436143
34.1688243,-118.6407336
34.1554042,-118.6335641
34.1642756,-118.6233924
34.1642769,-118.6232223
34.1703789,-118.6556559
34.1702081,-118.655218
34.1699392,-118.6550442
34.1700798,-118.6555402
34.1701147,-118.6547503
34.1700776,-118.6542607
34.1698516,-118.6535122
34.1700732,-118.653761
34.1700726,-118.6532576
34.1700708,-118.6527608
34.1698401,-118.6530037
34.1698535,-118.6540156
34.1698399,-118.6545732
34.170118,-118.6512569
34.1702155,-118.650027
34.1700586,-118.6504798
34.1703753,-118.6503425
34.170508,-118.6498764
34.1705813,-118.6493625
34.1703815,-118.6490832
34.1704073,-118.6485925
34.1704315,-118.648142
34.1705997,-118.6470905
34.170766,-118.6466077
34.1710204,-118.6461593
34.1712499,-118.6457572
34.1713558,-118.542714
34.1713213,-118.5426208
34.1715045,-118.542469
34.1715373,-118.5425775
34.1701287,-118.5396747
34.169966,-118.5392431
34.16979,-118.538797
34.1696004,-118.5383214
34.1694269,-118.5378866
34.1692091,-118.5373644
34.1690723,-118.5370203
34.1689485,-118.5367104
34.1687099,-118.5362577
34.1682516,-118.534984
34.1680452,-118.5344975
34.1683179,-118.5345769
34.1681437,-118.5341234
34.167846,-118.5339881
34.1676383,-118.5334772
34.16743,-118.5329723
34.1670734,-118.5320659
34.1671661,-118.531721
34.1673397,-118.5321599
34.1675273,-118.532618
34.1668487,-118.5315042
34.1662042,-118.5299105
34.1685703,-118.6102437
34.1684978,-118.6096692
34.1684833,-118.6091999
34.1684744,-118.6087238
34.1684632,-118.6082289
34.1684476,-118.6076248
34.168423,-118.6070597
34.1684141,-118.6066039
34.1684096,-118.6060901
34.1683722,-118.6050282
34.1683588,-118.6044034
34.168344,-118.6039277
34.1683348,-118.6036954
34.16832,-118.6032531
34.1682876,-118.6022334
34.1682802,-118.6020168
34.1682387,-118.6014125
34.1681925,-118.6008832
34.1681804,-118.6004934
34.1681342,-118.5998858
34.1681296,-118.5996759
34.1680548,-118.5991208
34.1682959,-118.5992325
34.1683551,-118.5997217
34.1682248,-118.5987098
34.1679513,-118.5986059
34.1678432,-118.5980654
34.1677452,-118.5976209
34.1676898,-118.5972825
34.1676057,-118.5968324
34.1675114,-118.5963119
34.1674261,-118.5958393
34.1673433,-118.5954195
34.1672266,-118.5948475
34.1675749,-118.5954073
34.1673746,-118.5943632
34.1674481,-118.5947609
34.1671403,-118.5943943
34.1670649,-118.5939601
34.167279,-118.5938701
34.1669739,-118.5935269
34.1666201,-118.5916021
34.1663987,-118.5896624
34.1666468,-118.5895603
34.166588,-118.5890094
34.1662244,-118.5877577
34.1664918,-118.5875855
34.1662253,-118.5872434
34.1662522,-118.586481
34.1663175,-118.5859546
34.1664758,-118.5852185
34.1663728,-118.5856968
34.1667331,-118.584219
34.1666205,-118.5846651
34.1668612,-118.5836907
34.1670697,-118.582853
34.1671651,-118.5835008
34.1673128,-118.5818295
34.1671834,-118.5823336
34.1674392,-118.5813163
34.167559,-118.5808318
34.1676979,-118.5814263
34.1675575,-118.5819316
34.1676796,-118.5803577
34.1666075,-118.5857692
34.1668381,-118.5848006
34.1677578,-118.5800525
34.1678405,-118.5796749
34.1680427,-118.5787752
34.1679278,-118.5792495
34.1681998,-118.5783643
34.1683239,-118.5779278
34.1684627,-118.5774747
34.1681198,-118.579748
34.1683148,-118.5789383
34.1686976,-118.5776271
34.1690474,-118.5765815
34.1684291,-118.5784999
34.1689687,-118.5760988
34.1686311,-118.5770255
34.1687937,-118.5765856
34.1696886,-118.5740098
34.1694154,-118.5747671
34.1700455,-118.5730669
34.170255,-118.5724783
34.1704257,-118.5720208
34.1712332,-118.5705822
34.1711803,-118.5707244
34.1713177,-118.5710925
34.1712351,-118.5710898
34.1712033,-118.569966
34.1713902,-118.5701234
34.1717162,-118.5685699
34.1718537,-118.5688475
34.1719888,-118.5684125
34.1718512,-118.568124
34.1719702,-118.5676254
34.1720494,-118.5672089
34.1721085,-118.5666057
34.1724354,-118.5628315
34.1723993,-118.5632769
34.1723772,-118.563625
34.1723276,-118.5641011
34.1722854,-118.5645966
34.1722284,-118.5653051
34.1726705,-118.5582085
34.1728345,-118.5558067
34.1725437,-118.5527858
34.1727654,-118.5530814
34.1725281,-118.5522442
34.1725154,-118.551803
34.1727345,-118.5521082
34.1724746,-118.5503943
34.172701,-118.5506618
34.1727104,-118.5511459
34.1724896,-118.5508844
34.172499,-118.5513431
34.1727148,-118.5515892
34.1727473,-118.5524789
34.1726886,-118.5501888
34.1724459,-118.5490987
34.1724135,-118.5482019
34.1724145,-118.5476706
34.1723935,-118.547049
34.1723717,-118.546484
34.1723297,-118.545653
34.1722741,-118.5452569
34.1724334,-118.544948
34.1723537,-118.544607
34.1720375,-118.5446579
34.1658814,-118.5290315
34.1658019,-118.5289938
34.2212945,-118.5054101
34.2211611,-118.4926841
34.1668486,-118.6234665
34.2010109,-118.5444384
34.2012309,-118.5445443
34.2012268,-118.5444441
34.2012672,-118.5314275
34.2009992,-118.5314636
34.2010023,-118.5313533
34.2010244,-118.5357306
34.2012395,-118.5364202
34.2014447,-118.5359323
34.2014961,-118.5359296
34.201236,-118.5389121
34.2012325,-118.5387934
34.2010213,-118.5389424
34.2010062,-118.5277855
34.2010062,-118.5276633
34.2010069,-118.5275378
34.2012734,-118.5270927
34.2012747,-118.5269178
34.2012744,-118.5271477
34.2010946,-118.3793574
34.2010943,-118.3792815
34.2013168,-118.3786708
34.2010867,-118.4483599
34.2010876,-118.4482595
34.201318,-118.4492175
34.2013183,-118.4494104
34.2010897,-118.4481167
34.2010877,-118.4477251
34.2010889,-118.4484818
34.2013232,-118.4097997
34.2013232,-118.4097065
34.201323,-118.4316206
34.2013236,-118.4317508
34.2013211,-118.4048215
34.1718431,-118.3704489
34.1635189,-118.5222643
34.1685182,-118.5357143
34.168538,-118.5357696
34.1691995,-118.5358922
34.169142,-118.5358863
34.1700084,-118.5387607
34.1700626,-118.5388894
34.2357557,-118.5359651
34.2356194,-118.5365765
34.2356174,-118.5364518
34.2352583,-118.5362436
34.2351982,-118.5362456
34.2085763,-118.5711689
34.2086361,-118.5711728
34.185473,-118.5705671
34.1854523,-118.5704744
34.2569138,-118.5797051
34.2569689,-118.5797077
34.0436505,-118.447546
34.0416989,-118.4485442
34.0412084,-118.4481231
34.0722365,-118.4431554
34.0705222,-118.4448481
34.072144,-118.4449295
34.0729578,-118.444498
34.0731182,-118.4444991
34.0709103,-118.4463732
34.0709801,-118.4465924
34.0710313,-118.4466827
34.0709833,-118.4467061
34.0710298,-118.4467692
34.070982,-118.4468158
34.0710341,-118.4468744
34.0709794,-118.4469283
34.0710305,-118.4469594
34.0709761,-118.447038
34.0708958,-118.4472571
34.0710076,-118.4474769
34.0708124,-118.4474728
34.0672679,-118.4478231
34.066918,-118.4479401
34.0670264,-118.447742
34.0670462,-118.4476288
34.0669907,-118.4473977
34.0671724,-118.4473159
34.0668863,-118.4471478
34.0669931,-118.4471418
34.0669926,-118.446984
34.0668846,-118.4469873
34.0670764,-118.4452849
34.0670372,-118.4453617
34.0671555,-118.4449744
34.066366,-118.4453908
34.0658553,-118.4451752
34.0660116,-118.4454493
34.0658347,-118.4454667
34.0655519,-118.4451936
34.0651308,-118.4454909
34.065081,-118.4456081
34.0650804,-118.4457048
34.0650808,-118.4458041
34.065391,-118.4458581
34.0655007,-118.4459294
34.0655488,-118.4460808
34.0656616,-118.4462217
34.0655634,-118.4463378
34.0687116,-118.4489391
34.0685167,-118.4491524
34.0685269,-118.4487345
34.0684474,-118.4487752
34.0682525,-118.4486409
34.0687964,-118.448516
34.0688759,-118.4483022
34.0691631,-118.4485564
34.0694495,-118.4488449
34.0698328,-118.4488886
34.0655041,-118.4462288
34.0703059,-118.4458306
34.0703031,-118.4457277
34.0703059,-118.4459284
34.0703041,-118.4460247
34.070395,-118.4460233
34.0704016,-118.4459234
34.0703975,-118.4458323
34.0703956,-118.4457263
34.0700301,-118.4458073
34.0700331,-118.445895
34.0699292,-118.4458941
34.0699439,-118.4458007
34.0697407,-118.4450237
34.069742,-118.4450926
34.0697412,-118.4449544
34.0696279,-118.4451149
34.0696312,-118.4450519
34.06963,-118.4449749
34.0695775,-118.4447952
34.0688581,-118.4447977
34.068814,-118.444723
34.0686523,-118.4447906
34.068828,-118.4451323
34.0721531,-118.4435008
34.0722349,-118.4435012
34.0721542,-118.443377
34.0722367,-118.4433761
34.0645958,-118.4463456
34.0721551,-118.4431532
34.0721508,-118.4430206
34.0722374,-118.443016
34.0720193,-118.4427364
34.0723712,-118.4427284
34.0723755,-118.4423832
34.0723734,-118.4419965
34.0720189,-118.4416066
34.0723774,-118.4412545
34.0720219,-118.4409006
34.0720243,-118.4412451
34.0723795,-118.4409043
34.0723848,-118.440171
34.0735588,-118.4409711
34.0697023,-118.4388091
34.069497,-118.4387821
34.0694306,-118.4388641
34.0709884,-118.438453
34.0710449,-118.4383668
34.071977,-118.4379781
34.072208,-118.4379465
34.0752416,-118.4390559
34.0775461,-118.4404418
34.0780838,-118.4394093
34.0782719,-118.4392349
34.0650759,-118.445531
34.0648736,-118.4455062
34.0651315,-118.4452017
34.0649078,-118.4451673
34.0648774,-118.4456097
34.0648776,-118.4457066
34.0648799,-118.4458019
34.0648017,-118.4458509
34.064674,-118.445913
34.0646479,-118.4462143
34.0653919,-118.4463108
34.064526,-118.4464218
34.0645085,-118.4466086
34.0645078,-118.4467409
34.0645586,-118.4468351
34.0643026,-118.4469481
34.0643034,-118.4468517
34.0647555,-118.4463085
34.0652655,-118.4463156
34.0710053,-118.4471446
34.0729884,-118.4505063
34.0759041,-118.4540906
34.0756277,-118.4537844
34.0752993,-118.4509578
34.0752502,-118.4510689
34.0752084,-118.4511876
34.0705556,-118.4530756
34.0703238,-118.4537696
34.0705309,-118.4534056
34.070536,-118.4524474
34.0699817,-118.4514005
34.0698038,-118.4509924
34.0697435,-118.4499307
34.0697415,-118.4500491
34.0697401,-118.4501693
34.0697384,-118.4502872
34.0697384,-118.4504057
34.0706055,-118.4508781
34.0704378,-118.4508025
34.0702236,-118.4506525
34.0701368,-118.4506523
34.0712756,-118.4501833
34.0712101,-118.4505431
34.0714103,-118.4506486
34.0726594,-118.4506685
34.0727663,-118.4504385
34.0751812,-118.450515
34.0751392,-118.450616
34.0751988,-118.4506965
34.0751672,-118.4507888
34.0751312,-118.450879
34.0750748,-118.4507968
34.0750403,-118.4508855
34.0750936,-118.4509675
34.0750048,-118.4509785
34.0750619,-118.4510582
34.0749704,-118.4510627
34.0750205,-118.4511525
34.0749908,-118.4512907
34.0748404,-118.4511622
34.0747345,-118.4512884
34.0720048,-118.4569863
34.0725084,-118.451287
34.0749432,-118.4549666
34.0729807,-118.4553371
34.0735426,-118.4553869
34.0723066,-118.455276
34.0721068,-118.4555912
34.0719083,-118.4559651
34.070966,-118.4566408
34.070019,-118.4582968
34.070318,-118.4579112
34.0697011,-118.4584063
34.0691726,-118.4585525
34.0689665,-118.4587582
34.0727033,-118.4529939
34.0726001,-118.4572664
34.0734377,-118.4576113
34.0735899,-118.4580152
34.0743636,-118.4585402
34.0742914,-118.4574228
34.0747465,-118.4569861
34.0752234,-118.4561509
34.0753178,-118.4562887
34.076704,-118.4547563
34.0765727,-118.454488
34.0763456,-118.4545871
34.07485,-118.4538526
34.0750646,-118.4536467
34.0745516,-118.4537454
34.0745323,-118.4541326
34.0748515,-118.4542385
34.0731052,-118.4530468
34.0753269,-118.4539286
34.0755789,-118.4541744
34.0750754,-118.4539213
34.0744516,-118.4534717
34.0745087,-118.4534138
34.0746775,-118.4534898
34.0735348,-118.4539049
34.0734902,-118.4538092
34.0750434,-118.454297
34.0797891,-118.4374192
34.0797842,-118.4371573
34.0688427,-118.4494123
34.0702921,-118.4544422
34.0704507,-118.4549589
34.0644917,-118.4435404
34.0644906,-118.4429673
34.064091,-118.4437621
34.0640946,-118.4431922
34.0647735,-118.4434229
34.0647717,-118.4432485
34.0648352,-118.443077
34.0648355,-118.4428993
34.064836,-118.4427326
34.0650174,-118.4427316
34.0651365,-118.4426621
34.0652711,-118.4427275
34.0654409,-118.4427295
34.0654426,-118.4429028
34.0654431,-118.443075
34.0654421,-118.4432507
34.0652545,-118.4435247
34.0649335,-118.4435231
34.0803772,-118.4360846
34.068139,-118.4444226
34.0679635,-118.4444255
34.0681379,-118.4437373
34.0679664,-118.4437392
34.0681378,-118.4434025
34.0679644,-118.4433997
34.0698406,-118.4435035
34.0719714,-118.4391968
34.074189,-118.4381288
34.0742724,-118.4378978
34.074097,-118.4377248
34.0739433,-118.4379736
34.0768416,-118.4387964
34.0804385,-118.4358786
34.0734889,-118.4316902
34.0734435,-118.4316532
34.0735129,-118.4317823
34.0736944,-118.4317344
34.0734426,-118.4314165
34.0735274,-118.4314584
33.945315,-118.3957661
33.9434078,-118.3987965
33.943386,-118.399004
33.9433713,-118.3992146
33.9439499,-118.398889
33.9442172,-118.3989284
33.9436646,-118.3992458
33.9439012,-118.3992778
33.9441793,-118.3993228
33.9436184,-118.3996414
33.9441391,-118.3997111
33.9440968,-118.4001092
33.9435796,-118.4000332
33.94355,-118.4003599
33.9437959,-118.4004
33.9440623,-118.4004369
33.9440237,-118.4008276
33.9435039,-118.4007553
33.9439779,-118.4012264
33.9434607,-118.4011484
33.9447249,-118.4014036
33.9449223,-118.4014321
33.9445284,-118.4013748
33.944549,-118.4011813
33.9447462,-118.4012126
33.9449395,-118.4012394
33.9449618,-118.4010458
33.9449727,-118.4009765
33.9447751,-118.4009492
33.9447689,-118.4010164
33.9445649,-118.4009899
33.9445754,-118.4009192
33.9445953,-118.4007287
33.9447946,-118.4007566
33.9449873,-118.400786
33.9450039,-118.4005884
33.9448145,-118.4005603
33.9446139,-118.400531
33.9446325,-118.4003447
33.9448311,-118.4003698
33.9450304,-118.4003946
33.945045,-118.4002052
33.9448511,-118.4001744
33.9446533,-118.4001422
33.9446709,-118.3999526
33.9448734,-118.3999802
33.945065,-118.400009
33.945373,-118.3990851
33.9453842,-118.3994238
33.9453612,-118.3987581
33.9453489,-118.3984273
33.9453142,-118.3981277
33.9453653,-118.3980284
33.945352,-118.3976488
33.9453305,-118.3973223
33.9452697,-118.3970598
33.9453525,-118.3970065
33.9453444,-118.3967609
33.945183,-118.3968208
33.9453355,-118.3964206
33.9450826,-118.3964888
33.9453235,-118.3960984
33.9433489,-118.399427
33.9453166,-118.3954273
33.9453273,-118.3951088
33.945351,-118.3947936
33.9453709,-118.3944536
33.9453955,-118.3941321
33.9454231,-118.3938229
33.9454472,-118.3935612
33.9449016,-118.3943849
33.9447517,-118.3944035
33.9446209,-118.3944928
33.9450503,-118.3944523
33.9451685,-118.3946585
33.9451813,-118.3949003
33.9451479,-118.3951418
33.9451154,-118.3953813
33.9450732,-118.395686
33.9450292,-118.3960316
33.9449839,-118.3963624
33.9449687,-118.3966982
33.9452486,-118.3979181
33.9450139,-118.3975402
33.94485,-118.3973988
33.9446699,-118.3972985
33.9445098,-118.3973341
33.9443383,-118.3972987
33.9441022,-118.3973199
33.943743,-118.3975439
33.9436017,-118.3977421
33.9435106,-118.3979453
33.9446942,-118.3974329
33.944853,-118.3975872
33.9449737,-118.3977867
33.9450481,-118.3980229
33.9450723,-118.3982592
33.945045,-118.398508
33.9449311,-118.398697
33.9452431,-118.4026058
33.9452669,-118.4023948
33.9452867,-118.4021878
33.9453174,-118.4018805
33.9453324,-118.4017254
33.9453321,-118.4013998
33.9453539,-118.4011875
33.9453743,-118.4009792
33.9453847,-118.4007672
33.9454046,-118.400346
33.9454057,-118.4001314
33.9453951,-118.3999169
33.9453987,-118.3997391
33.9452199,-118.4028185
33.9452003,-118.403029
33.9451798,-118.403241
33.9451597,-118.4034475
33.9451336,-118.4036608
33.9451152,-118.403869
33.9450907,-118.4040804
33.9450712,-118.4042905
33.9450523,-118.4045021
33.9450243,-118.4047134
33.9449837,-118.4051324
33.9449669,-118.4053406
33.9434246,-118.3985883
33.944898,-118.4059466
33.9448827,-118.406158
33.9448598,-118.4063648
33.9448153,-118.4067873
33.9447976,-118.4069986
33.9447686,-118.4072082
33.9447513,-118.4074261
33.9447318,-118.4076314
33.9447137,-118.407816
33.9446589,-118.408015
33.9445337,-118.4081607
33.9443645,-118.4082094
33.94419,-118.4081893
33.9438836,-118.40815
33.9437058,-118.4081202
33.9433571,-118.4080648
33.9431811,-118.4080434
33.9429152,-118.4079997
33.9429041,-118.4078477
33.9427424,-118.4079616
33.9425923,-118.4078399
33.9425189,-118.407649
33.9425244,-118.4074396
33.9425451,-118.4072303
33.9425729,-118.4069956
33.9425876,-118.4068093
33.9426104,-118.4066008
33.9426342,-118.4063904
33.9426518,-118.406177
33.9426879,-118.4057843
33.9427119,-118.405597
33.9427438,-118.4052329
33.9427734,-118.4049957
33.9427899,-118.4048121
33.942818,-118.4045793
33.9428426,-118.4043387
33.9428672,-118.4041266
33.9428867,-118.4039157
33.9429051,-118.403703
33.9429264,-118.4034978
33.9429446,-118.4032844
33.9429673,-118.4030732
33.9430159,-118.4026542
33.9430422,-118.402443
33.9430559,-118.4022333
33.9430758,-118.4020504
33.9430963,-118.4018695
33.9431297,-118.4015592
33.9431429,-118.4014051
33.943175,-118.4010598
33.9431973,-118.4008415
33.9432159,-118.4006615
33.9432419,-118.4004552
33.9432663,-118.400244
33.9432837,-118.4000289
33.9433009,-118.3998204
33.9433239,-118.3996121
33.9449395,-118.4055516
34.2566159,-118.5362554
34.2567718,-118.5362572
34.2615002,-118.5234989
34.2614194,-118.5235
34.172233,-118.4483706
34.172234,-118.4482757
34.1870724,-118.4485716
34.1868403,-118.4485717
34.186021,-118.4488839
34.1860239,-118.4485717
34.1862745,-118.4485787
34.1862746,-118.4488875
34.1573848,-118.4919229
34.1573516,-118.4916543
34.1573376,-118.4915735
34.1573631,-118.4917852
34.1535291,-118.4638257
34.1535159,-118.4637535
33.955184,-118.4478376
33.9549669,-118.447765
33.9547265,-118.4477043
33.9544805,-118.4476539
33.954267,-118.4476185
33.9539992,-118.4475729
33.9537482,-118.4475159
33.9535098,-118.4474115
33.9532693,-118.4472854
33.9530956,-118.4469979
33.9547035,-118.4437851
34.1771882,-118.5361707
34.177249,-118.5361732
34.1802289,-118.5361798
34.1802084,-118.5358935
34.1842188,-118.536182
34.1841342,-118.5361842
34.1777137,-118.5358882
34.1864799,-118.5356267
34.1972394,-118.5359329
34.1971323,-118.5359354
34.2045119,-118.5362043
34.2046542,-118.5362071
34.2204133,-118.5362397
34.2211623,-118.5359693
34.2212367,-118.5359675
34.22084,-118.5364958
34.220837,-118.5366208
34.2206356,-118.5357847
34.2244435,-118.5359582
34.224328,-118.5359577
34.2466296,-118.5362515
34.2465786,-118.536253
34.2462002,-118.5359703
34.2461465,-118.5359696
34.2535272,-118.5362577
34.253488,-118.536258
34.2497899,-118.5359726
34.2497427,-118.5359768
34.2503024,-118.5362522
34.250241,-118.5362476
34.0636173,-118.2378056
34.0636227,-118.2375766
34.0649188,-118.2385969
34.064865,-118.2384003
34.0664289,-118.2390945
34.0620185,-118.2377669
34.0619966,-118.2375251
34.0625472,-118.2391475
34.0633866,-118.241574
34.064061,-118.2412456
34.0644923,-118.2410185
34.0637835,-118.240631
34.06337,-118.2406203
34.058615,-118.2386073
34.0598092,-118.2365656
34.0600053,-118.2368108
34.0605724,-118.2358956
34.0604405,-118.2364309
34.0606148,-118.2363175
34.0605717,-118.2366968
34.0606372,-118.2356865
34.0603942,-118.2367289
34.0600078,-118.2365272
34.0597911,-118.2365247
34.0604924,-118.2399662
34.0600111,-118.2387551
34.0595353,-118.2389897
34.0592927,-118.2391161
34.0583594,-118.2393038
34.0584489,-118.23936
34.059483,-118.2396358
34.1725913,-118.5009802
34.1724975,-118.5009805
34.097871,-118.345817
34.0978724,-118.3461579
34.098491,-118.1555389
33.9596604,-118.4316206
33.9596518,-118.4324858
33.9596587,-118.4312904
33.9596593,-118.4308036
33.9596633,-118.4306065
33.9596615,-118.4301977
33.959661,-118.4297751
33.9581163,-118.4384403
33.9579905,-118.4387043
33.9578532,-118.4389897
33.9577349,-118.4392069
33.9575925,-118.4394882
33.9574095,-118.439717
33.9568977,-118.440281
33.9603104,-118.4382885
33.9603463,-118.4385479
33.9601011,-118.4383849
33.9599383,-118.438039
33.9598066,-118.4381807
33.9649174,-118.4260099
33.9651094,-118.4255664
33.9650092,-118.4251071
33.9652822,-118.4247051
33.9657095,-118.4246499
33.9633809,-118.4240627
33.9629408,-118.4257371
33.9630468,-118.4252916
33.963025,-118.4248142
33.9630328,-118.4262404
34.1794957,-118.4527915
34.1794949,-118.452907
33.9440885,-118.4423653
33.9439278,-118.4422778
33.9437781,-118.4421909
33.9433863,-118.4419633
33.9260968,-118.4332969
33.9265327,-118.4335176
33.9268712,-118.4336898
33.9272268,-118.4338681
33.9276281,-118.4340659
33.9280203,-118.4342617
33.9283476,-118.434429
34.1522231,-118.4485765
34.1521371,-118.4485748
34.1545319,-118.4485813
34.1546187,-118.44858
34.1378298,-118.3638313
34.1378726,-118.363881
34.1379067,-118.3639282
34.1387484,-118.365628
34.1387619,-118.3656742
34.1387822,-118.3657263
33.9626191,-118.4311912
33.9619998,-118.4311451
33.9633108,-118.4224108
33.9636795,-118.4227193
33.963937,-118.4225322
33.9640288,-118.4230123
33.9643625,-118.4232893
33.9646917,-118.4235836
33.9649375,-118.4239357
33.9651411,-118.4243031
33.9654581,-118.4241362
33.9652913,-118.4238016
33.965076,-118.4234884
33.9648769,-118.4232551
33.9655156,-118.4215326
33.9648044,-118.426383
33.9629258,-118.4297322
33.9629244,-118.4290827
33.9630313,-118.4300771
33.9629202,-118.4303575
33.9630306,-118.4312708
33.9643532,-118.4305151
33.9645207,-118.4284502
33.9643394,-118.428124
33.9645863,-118.4286436
33.9645116,-118.4285371
33.9646551,-118.4286553
33.9637162,-118.4286575
33.9637162,-118.4282452
33.9637181,-118.4277453
33.9637137,-118.4272496
33.9638277,-118.4274686
33.9638296,-118.4269825
33.9638296,-118.4265048
33.9629158,-118.4310017
33.9628963,-118.4352947
33.9651639,-118.4292209
33.9650768,-118.4290817
33.964932,-118.4292071
33.9649454,-118.4291195
33.9650121,-118.4293055
33.9650863,-118.4293223
33.9648618,-118.4294412
33.9646839,-118.4294339
33.9645474,-118.4298984
33.9647007,-118.4300964
33.9646316,-118.42998
33.9647893,-118.4300136
33.9648724,-118.4290122
33.9648668,-118.4287501
33.9647515,-118.4285668
33.964615,-118.4283473
33.961261,-118.4319723
33.9613061,-118.4305618
33.9614662,-118.4302509
33.9613536,-118.4299145
33.9614834,-118.4295801
33.9613507,-118.4292368
33.9614868,-118.4288928
33.9605839,-118.429385
33.9605839,-118.4300937
33.9589448,-118.4320634
33.9596591,-118.4320306
33.9588023,-118.4336737
33.9588726,-118.4342426
33.9598737,-118.4339963
33.9598693,-118.4344872
33.9598577,-118.4348748
33.9598127,-118.4353097
33.9593144,-118.4367211
33.959462,-118.4364115
33.9596174,-118.4360604
33.9597396,-118.4357065
33.9600803,-118.4359077
33.9606137,-118.4343146
33.9596107,-118.4349755
33.9596451,-118.4344781
33.9595153,-118.4352819
34.201009,-118.3965219
34.2012278,-118.3965475
34.2015179,-118.3965475
34.2017867,-118.3965383
34.2020683,-118.3965208
34.2023398,-118.3965147
34.2026188,-118.396528
34.202897,-118.3965219
34.2031676,-118.3965219
34.2034237,-118.3965126
34.2036835,-118.3965146
34.2039342,-118.3965286
34.204194,-118.3965504
34.204451,-118.3965437
34.2001936,-118.3965539
34.1999718,-118.3965499
34.1996932,-118.3965311
33.95683,-118.4471851
33.9593876,-118.443386
33.9597219,-118.443654
33.9600714,-118.4439074
33.9604002,-118.4440872
33.9611597,-118.4434535
33.9603409,-118.4430139
33.959667,-118.4424746
33.9593246,-118.4250544
33.9603308,-118.4199148
33.9608084,-118.4203098
33.9610931,-118.4205468
33.9618901,-118.4199041
33.9613299,-118.4188574
33.96292,-118.4217377
33.9627654,-118.4215257
33.9627609,-118.4219488
33.9625268,-118.421757
33.9629851,-118.4221313
33.962399,-118.4224451
33.9599894,-118.4224945
33.9606002,-118.4218989
33.9613951,-118.4199044
33.9612545,-118.4197872
33.9615267,-118.4200176
33.9616444,-118.4201204
33.9614845,-118.4202415
33.9613484,-118.4201298
33.9612147,-118.4200141
33.9610786,-118.419899
33.960908,-118.4197606
33.9618685,-118.4211995
33.9622084,-118.4214872
33.9583901,-118.4250716
33.9598763,-118.4312879
33.9598766,-118.4316292
33.959876,-118.432024
33.9596703,-118.4257164
33.9578,-118.4266876
33.9574541,-118.4258009
33.9576452,-118.4268887
33.9569366,-118.4274013
33.956264,-118.427884
33.9579614,-118.4244387
33.9590079,-118.4224826
33.9596662,-118.420515
33.959664,-118.4199912
33.959664,-118.4194838
33.9596229,-118.419367
33.9596609,-118.4212952
33.9596669,-118.4207924
33.9588129,-118.4244029
33.9587006,-118.4248466
33.9588141,-118.423502
33.9586395,-118.4230519
33.9584948,-118.4222631
33.9596675,-118.4218191
33.9596663,-118.4222818
33.9583734,-118.4214153
33.9580674,-118.4206081
33.9576506,-118.4199179
33.9637087,-118.4310083
34.2352479,-118.4407162
34.2352471,-118.4406285
33.9554764,-118.4220525
33.9570132,-118.4205537
33.9565109,-118.4246133
33.9561998,-118.422453
33.9552405,-118.4285818
33.9550704,-118.4223954
33.9560322,-118.4308785
33.9543035,-118.4234768
33.9544036,-118.4227965
33.9542229,-118.4227605
33.9543121,-118.4225468
33.9558658,-118.4281714
33.9549779,-118.4225838
33.9550571,-118.4244274
33.9550825,-118.4253981
33.9554371,-118.4287348
33.9632168,-118.4178898
33.974319,-118.4102531
33.974282,-118.4100671
33.9740827,-118.4100835
33.972921,-118.4083546
33.9814306,-118.3974752
33.9815015,-118.3973373
33.9819187,-118.3976408
